"Year","ABW","AGO","AIA","ALB","ARG","ATG","AUS","AUT","BDI","BEL","BEN","BFA","BGD","BGR","BHR","BHS","BLZ","BMU","BOL","BRA","BRB","BTN","BWA","CAF","CAN","CHE","CHL","CHN","CIV","CMR","COD","COG","COL","COM","CPV","CRI","CYM","CYP","DEU","DJI","DMA","DNK","DOM","DZA","ECU","EGY","ESP","ETH","FIN","FJI","FRA","GAB","GBR","GHA","GIN","GMB","GNB","GNQ","GRC","GRD","GTM","HKG","HND","HTI","HUN","IDN","IND","IRL","IRN","IRQ","ISL","ISR","ITA","JAM","JOR","JPN","KEN","KHM","KNA","KOR","KWT","LAO","LBN","LBR","LCA","LKA","LSO","LUX","MAR","MDG","MDV","MEX","MLI","MLT","MMR","MNG","MOZ","MRT","MSR","MUS","MWI","MYS","NAM","NER","NGA","NIC","NLD","NOR","NPL","NZL","OMN","PAK","PAN","PER","PHL","POL","PRT","PRY","PSE","ROU","RWA","SAU","SDN","SEN","SGP","SLE","SLV","STP","SUR","SWE","SWZ","SYC","SYR","TCA","TCD","TGO","THA","TTO","TUN","TUR","TWN","TZA","UGA","URY","USA","VCT","VEN","VGB","VNM","ZAF","ZMB","ZWE"
1970,5914.53,3910.61,8999.29,2871.92,3635.18,4207.87,19500.35,13693.77,760.04,15997.31,1888.43,746.4,1517.12,3734.72,14863.64,16532.59,3889.74,20246.66,1711.44,3501.96,14123.15,1492.47,793.18,1398.45,18531.02,27939,7110.59,1415.82,2764.27,1597.15,2710.6,1359.48,4311.63,2650.4,1393.25,5888.71,26469.52,7290.35,14905.27,6531.47,3400.02,19504.23,2979.29,5435.6,4693.92,1079.49,10763.33,622.28,14941.59,3395.01,16375.96,5475.54,15025.77,4242.51,2542.26,2839.9,1401.15,1519.35,10390.52,1751.14,3036.2,7714.16,2247.78,1148.69,5537.74,988.8,1275.22,9358.11,3762.44,3315.96,16029.73,13481.05,12622.16,6575.89,2823.81,12912.31,1840.5,1661.37,2945.64,1985.9,31851.53,663.11,6005.07,2540.41,2950.62,3005.94,1133.35,25419.59,2105.19,1759.53,1563.97,8093.22,600.7,3610.76,753.45,1221.94,643.39,2404.89,7968.86,4485.52,1115.94,3256.32,6057.17,1373.59,4532.67,6483.8,17929.65,16600.61,762.88,15804.54,11265.57,1801.21,5138.36,3643.05,2286.36,5284.22,7743,2005.63,1436.77,2794.8,997.63,18625.15,1436.01,2211.52,5797.15,1289.28,2517,1831.66,4540.8,19345.96,2406.43,7280.79,3196.97,3278.26,1295.58,1689.56,2228.83,10295.56,2530.03,6671.9,4707.97,1775.57,1044.79,7791.91,23473.16,3033.5,8681.34,5461.92,785,7706.42,3558.38,2469.71
1971,6405.98,4055.18,8710.03,2917.56,3742.27,4447.61,19703.8,14321.32,760.05,16467.73,1899.68,727.04,1453.25,3967.77,14566.58,16212.69,4130.94,20721.46,1772.84,3809.55,14685.5,1482.92,961.59,1328.27,19169.28,29087.31,7711.81,1484.25,2627.32,1556.85,2553.26,1404.12,4629.25,2706.86,1450.92,5908.73,26062.13,7866.66,15406.4,6540.66,3529.26,19836.68,3166.95,5140.14,4803.52,1075.69,11194.71,629.3,15111.42,3560.67,17203.6,6008.8,15244.37,4225.36,2652.86,2750.53,1327.83,1709.31,11127.77,1877.39,3047.82,8358.68,2200.86,1147.31,5836.24,1030.89,1291.74,9655.01,4216.63,3423.01,19344.73,14587.28,12822.98,6677.24,2685.84,13563.41,1908.62,1547.45,3266.44,2267.71,37612.33,677.59,6393,2616.27,3082.66,2956.38,994.37,24205.03,2184.56,1780.31,1585.01,8187.17,602.49,3822.5,756.75,1242.41,676.24,2352.98,8148.08,4545.21,1230.57,3765,6189.54,1386.85,4938.75,6530.15,18658.64,17411.05,734,16542.92,7621.79,1792.18,5583.17,3666.54,2344.91,5631.36,8301.31,2073.41,1613.79,3125.43,977.17,21875.47,1476.05,2140.3,6467.87,1287.73,2478.64,1886.35,4810.38,19322.86,2739.78,8230.5,3430.32,3549.53,1298.19,1726.65,2247.54,9906.47,2691.59,6660.56,5247.18,1793.68,956.82,7825.8,24047.36,3103.28,8166.12,4716.78,795.46,7614.59,2786.39,2607.8
1972,6940.91,3968.92,9644.24,2965.37,3767.19,4705.76,20324.8,15187.65,686.02,17499.89,1885.78,841.48,1351.31,4245.8,15408.64,15609.01,3742.98,20863.43,1770.99,4173.81,14562.98,1452.55,1159.49,1270.34,19993.89,30024.87,7495.91,1466.05,2616.54,1595.97,2349.53,1422.17,5017.25,2711.99,1481.15,6181.53,26631.4,8216.43,16142.21,6396.61,3886.65,20614.95,3401.92,5670.52,4713.74,1118.88,12031.51,644.75,15979.86,3766.28,18012.22,5717.63,15713.73,3520.87,2694,2720.77,1374.84,1693.04,12162.42,2054.39,3152.72,9240.02,2281.75,1140.06,6117.63,1108.15,1297.85,10434.57,4647.17,3220.34,19050.26,15668.87,13404.2,7206.59,2730.8,14607.86,1994.17,1431.37,3553.01,2549.01,37110.16,681.72,6943.56,2552.17,3092.64,2977.84,1175.58,25634.05,2192.74,1670.97,1556.04,8599.46,521.26,4143.75,739.71,1249.22,693.54,2281.26,8343.47,4816.95,1315.5,3839.96,6118.94,1316.71,5177.46,6417.31,19282.97,17892.35,742.29,17634.84,6323.01,1796.68,5767.54,3637.02,2383.13,5852.13,8928.33,2173.65,1841.6,3429.58,984.22,24759.81,1290.24,2154.06,7205.02,1318.52,2575.69,1906.35,4999.05,19636.37,3237.17,8543.75,4094.23,3817.43,1168.17,1706.59,2303.56,10711.22,3104.63,7071.49,5925,1850.09,1083.17,7633.29,25132.89,3767.92,8169.34,4576.44,792.47,7733.44,2922.81,2828.63
1973,7521.43,4181.89,9966.27,3014.07,3910.49,5020.85,21106.32,16015.04,746.07,18804.51,1973.15,788,1113.77,4572.25,17138.98,16224.37,3960.6,20945.14,1837.36,4665.51,15150.2,1429.48,1371.13,1336.26,21386.38,30624.78,7146.1,1535.08,2727.72,1647.46,2601.85,1419.32,5473.38,2852.37,1508.83,6458.07,28623.29,8039.21,16949.23,6304.75,4345.12,21589.57,3674.61,6033.76,4961.29,1104.35,12796.74,647.88,17109.33,4111.04,19186.04,6466.75,16468.43,3890.95,2721.02,2871.9,1374.06,1800.65,13009.89,2180.55,3274.83,10102.37,2400.2,1195.66,6444.07,1242.61,1343.52,11059.04,5493.14,3757.4,21519.14,16329.79,14226.57,7177.84,2510.58,15528.49,1967.6,1137.97,3167.46,3061.09,35539.96,721.98,7222.82,2684.04,3160.41,3124.36,1424.2,28927.65,2218.85,1595.63,1521.14,9015.7,523.05,4427.28,743.86,1320.67,709.41,2225.58,8462.34,4908.4,1232.66,4511.47,6160.7,1104.13,5757.14,6755.99,20423.5,18858.32,719.13,18991.63,5051.38,1844.22,5844.21,3911.67,2591.39,6053.18,9769.06,2292.04,1706.69,3728.13,994.92,27344.5,1155.23,1967.65,7814.78,1335.17,2696.61,1949.93,5299.93,20304.12,3093.7,8996.83,3605.29,4084.3,1058.71,1644.26,2502.15,11620.28,3057.96,7320.86,6456.52,1911.54,1104.56,7920.74,26366.1,3445.57,8932.83,4761.23,764.12,8629.7,3134.24,2863.31
1974,8140.38,4196.31,9884.45,3065.37,4022.25,5192.34,19993.36,16320.04,724.82,19411.97,1965.71,819.91,1099.69,4887.31,17466.14,12803.84,4695.81,20931.57,2086.73,4822.98,14254.63,1450.99,1450.56,1201.94,22300.52,30534.79,6871.98,1547.83,2882.69,1609.11,2713.67,1724.36,5735.94,2858.55,1539.46,6159.16,29509.69,7219.89,16957.84,5654.28,4361.49,20561.9,3951.81,8352.74,5957.41,1194.05,12967.01,642.24,17594.94,4378.62,19454.07,8524.11,15393.62,4210.5,2847.89,2962.37,1406.57,1912.44,11893.87,2354.2,3272.02,9708.33,2214.48,1269.18,6460.1,1442.86,1282.62,10318.55,7843,4082.24,22657.95,16511.45,14758.29,6827.86,2445.09,14875.43,2054.03,1066.31,4189.39,3416.46,70104.6,729.56,7194.04,2630.95,3349.66,3128.84,1382.93,31697.8,2394.85,1528.34,1581.73,9313.45,489.47,4483.4,760.65,1337.38,734.46,2310.91,8749.2,5200.88,1271.64,4817.29,6426.8,1203.28,6562.21,7392.3,21637.47,19318.16,749.76,18268.88,7337.97,1837.13,5640.03,4108.99,2590.92,6432.57,9519.47,2363.04,2006.08,4112.9,983.81,41703.01,1328.33,2109.56,8352.03,1333.19,2604,2021.09,4864.69,20502.15,3071.7,8955.44,4463.68,4359.23,1190.21,2093.05,2475.6,15539.83,3371.77,7967.04,6043.56,1912.88,1000.2,7725.63,25638.65,3098.95,9507.39,5104.67,765.45,8927.96,2903.49,3046.71
1975,8838.01,3876.91,10163.15,3119.23,3914.19,4833.19,19823.13,16383.48,694.97,18956.05,1656.81,807.45,1034.18,5290.48,14320.9,11956.36,4448.33,21517.57,1989.4,4941.06,15585.45,1355.56,1524.41,1139.4,22182.99,28195.68,5411.84,1589.56,2710.26,1600.34,2041.26,1626.12,5943.86,2948.28,1276.68,6393.67,30439.64,5965.89,17048.53,5782.77,4482.7,20238.34,4252.38,7785.37,6273.85,1214.05,12989.76,642.37,17428.98,4707.86,19353.23,8451.07,15322.79,3692.21,2927.61,3042.91,1502.38,2283.45,12307.01,2606.07,3270.76,9925.9,2182.86,1264.94,6594.07,1437.76,1382.06,10513.17,7824.08,4526.92,21356.94,16405.47,14526.56,6914.77,2275.71,15199.01,1939.65,1053.5,4454.14,3831.56,56937.73,762.38,4899.71,2468.53,3227.27,2965.63,1332.07,26165.56,2427.47,1474.32,1475.42,9548.26,529.4,6133.04,771.76,1376.19,730.9,2490.73,9362.78,4966.77,1287.77,4403.31,6381.42,1005.62,6225.14,6518.52,21234.84,19585.04,734.51,17011.49,8022.2,1811.41,5532.79,4003.66,2660.27,6734.22,8786.47,2372.66,1941.35,4469.58,964.45,33129.57,1553.55,2147.74,8421.31,1299.39,2642.04,2100.68,5335.69,21400.96,3781.5,9059.69,4976.17,4672.11,1344.79,1716.88,2488.68,15866.56,3452.07,8321.05,6357.29,1989,1004.37,7919.15,25251.01,2538.56,9094.44,5280.91,771.14,8591.91,2387.88,2864.8
1976,9669.37,3575.97,10279.68,3170.02,3808.78,4340.14,20412.77,16885.24,803.78,20157.26,1688.18,797.9,1142.83,5640.48,19785.82,12649.88,3758.31,23293.09,2069.98,5295.43,12181.3,1435.2,1635.01,1133.99,23276.36,28201.43,5690.42,1530.17,3079.58,1495.68,1794.3,1662.2,6270.12,2865.95,1295.55,6950.72,31452.84,7675.14,17963.5,5602.94,4512.23,21623.71,4057.59,8155.58,6633.41,1223.37,13467.74,656.28,18063.27,4630.13,20217.7,10099.77,16018.11,3248.84,3141.4,2892.28,1609.9,2411.54,12971.09,2846.13,3384.5,11345.59,2529.44,1465.75,7304.02,1507.36,1339.69,10939.35,8044.92,5156.49,21619.25,16145.89,15787.57,6331.2,2562.87,15982.45,1945.16,1070.46,4620.43,4304.32,57629.78,773.01,2096.48,2673.83,4176.78,2824.53,1307.34,27569.43,2548.27,1455.97,1322.17,9799.86,601.5,7173.8,792.53,1390.32,751.84,2618.12,8621.35,6137,1283.97,5155.76,6290.19,1043.41,6249.86,7254.61,22108.33,20275.99,748.59,17434.56,8359.58,1875.1,5443.76,3974.1,2767.83,6894.62,9164.1,2565.08,2187.94,5057.54,1097.92,38693.51,1775.07,2223.44,8922.5,1246.39,2997.96,2081.4,5601.55,21495.79,4180.23,9872.37,4259.84,5037.6,1319.04,1650.45,2675.01,17515.22,3514.63,9042.75,7337.87,2097.59,1051.1,8063.1,26513.8,3492.59,9617.7,5158.02,837.57,8287.01,2490.26,2779.77
1977,10596.88,3511.65,10282.57,3233.53,3903.47,4610.25,20328.1,17606.11,944.08,20531.47,1583.37,844.72,1167.98,5930.18,18983.04,14663.99,4077.81,23658.94,2137.14,5347.51,12314.78,1495.23,1713.86,1171.01,23519.46,28645.23,5947.25,1573.04,3343.63,1681.56,1853.46,1611.17,6517.13,2885.99,1226.29,7789.25,32515.52,9380.71,18660.81,4471.43,4386.51,22054.94,4154.44,8719.39,6803.84,1267.4,13891.88,653.41,17949.97,4824.82,20893.22,9589.77,16816.42,3732.26,3018.88,2848.78,1367.24,2641.65,13151.16,2855.54,3727.27,12240.61,2846.42,1459.81,8094.55,1640.1,1314.39,11759.4,7209.56,5032.92,24728.78,15851,16586.91,5971.6,2763.2,16872.85,2188.24,939.2,4683.51,4662.65,55275.88,749.39,3731.76,2516.34,4566.28,2743.29,1536.9,26628.43,2548.38,1440.55,1399.65,9878.45,622.75,7721.16,803.46,1484.49,727.08,2552.67,8954.51,6137.2,1260.05,5475.66,6245.61,1120.47,7061.76,8069.98,22373.09,20800.01,751.99,16830.7,9360.93,1878.56,5234.96,3873.45,2832.92,7047.07,9539.04,2860.61,2108.83,5382.87,1133.94,36988.23,1945.02,2198.81,9349.58,1226.08,3455.45,2427.05,6342.67,20639.46,4028.21,11169.74,3533.63,5443.16,1233.9,1953.23,2859.74,18064.81,3608.42,8644,8027.16,1978.82,1051.01,7900.04,27473.65,3141.46,9792.62,5252.05,930.59,8066.41,1970.89,2415.65
1978,11615.38,3218.77,11009.72,3294.38,3725.95,4626.97,21151.12,17629.02,864.99,21283.26,1604.09,914.7,1168.32,6245.27,17889.64,16800.96,4121.99,23772.81,2040.6,5385.83,12042.11,1555,1741.63,1171.01,23951.34,29725.45,6280.52,1739.02,3359.1,1989.54,1743.69,1606.32,6795.96,2851.65,1329.67,7863.73,33745.52,10339.63,19484.07,3762.3,4900.86,22784.91,4004.78,9223.27,6851.97,1298.87,14321.62,652.75,18396.97,4874.52,21947.89,10443.53,18114.44,3656.29,3203.65,2924.93,1599.44,1903.84,13906.66,3085.28,3698.71,12908.6,2944.13,1469.85,8907.22,1721.4,1263.86,12803.35,6006.14,5728.28,25522.25,15938.77,17547.62,5734.06,3270.85,18126.58,2189.37,971.74,5252.72,5060.74,50016.57,751.66,3820.57,2500.77,5106.22,2662.65,1852.94,28428.93,2622.39,1363.07,1610.32,10525.51,599.46,8591.91,800.7,1516.28,717.41,2302.75,8887.49,6171.5,1255.63,5655.42,6174.39,1119.47,6849.32,6624.34,22951.98,21327.65,766.72,16931.42,9658.79,1940.76,5702.18,3727.07,2921.03,7083.27,9707.06,3049.21,2336.55,5756.79,1100.91,34332.81,1755.97,2100.12,10246.29,1238.16,3180.57,2538.45,6731.05,20549.37,3713.21,11848.61,3251.56,5881.2,1197.17,2087.49,3082.46,18609.77,3762.31,8163.52,8883.14,1973.22,969.38,8330.01,28785.75,3593.78,9237.94,5617.1,927.03,8249.07,1710.96,2580.19
1979,12701.44,3121.28,11989.84,3331.84,4008.27,5731.59,21637.83,18372.79,862.3,22003.21,1663.94,958.2,1208.99,6787.55,20083.96,23327.89,4370.67,24808.13,2109.05,5569.39,12632.44,1594.24,1933.22,1117.89,24950.51,30445.06,6822.04,1804.49,3180.42,2115.34,2024.1,1821.63,6834.97,3012.42,1353.45,7867.06,35297.17,11805.28,20312.56,3671.71,4172.18,23450.64,4091.07,10414,7130.58,1261.84,14455.01,660.3,18950.53,5503.33,22776.9,11296.42,19210.99,3375.84,3136.7,2746.12,1626.85,1881.87,14016.92,3193.86,3730.5,13936.81,2880.04,1519.66,9707.89,1985.35,1152.24,13115.43,5589.66,7145.48,25677.36,16303.34,19025.84,5045.13,3707.53,18952.21,2083.69,871.57,5797.45,5218.23,66936.64,722.35,4347.92,2421.25,5246.06,2210.03,1502.81,29411.52,2724.15,1461.21,1919.23,11377.85,658.76,9200.66,815.44,1543.47,721.31,2435.3,9938.02,6169.86,1157.65,6256.71,6210.61,1308.93,6276.13,4030.27,23187.93,22515.95,788.52,16851.15,10927.43,1969.12,5644.05,3989.58,2945.17,7018.87,10001.94,2969.86,2240.37,6212.78,1218.57,33738.95,1525.67,2191.72,11203.63,1231.36,3125.3,2871.01,6540.81,21287.28,3603.25,13183.71,2912.65,6320.12,967.31,2077.18,3167.51,20672.06,3994.47,7929.99,9280.42,1956.05,811.83,8993.08,29319.12,3588.39,9873.73,6411.68,967.84,8508,1787.01,2625.25
1980,13809.66,3094.77,12541.24,3437.24,4177.95,5525.09,22110.42,18493.2,837.12,22866.04,1836.2,927.38,1171.55,6844.49,22339.39,22796.17,4962.49,25719.92,2119.68,5488.68,12999.65,1588.82,2236.53,1003.58,25182.41,31377.9,7090.43,1844.41,2432.1,2293.66,2062.26,2121.06,6972.39,3162.81,1428.62,7684.22,36908.99,12454.38,20347.71,3562.45,4331.31,22918.4,4518.17,11111.25,7294.5,1267.24,14548.84,687.04,19551.56,5456.74,22896.4,12712.12,19594.43,3320.37,3246.36,2648.19,1503.12,1744.74,13924.93,2963.18,3773.27,15117.12,2838.02,1584.98,10563.44,2247.97,1134.06,13113.47,3846.9,7071.65,26849.58,16102.37,20090.35,4425.23,4271.06,19291.73,2062.5,830.69,6277.56,4662.77,65342.89,783.04,4464.19,2155.91,5101.74,2042.49,1398.37,30450.72,2659.87,1424.07,2620.24,12441.96,620.01,9736.83,867.79,1717.07,721.19,2348.15,11476.08,5612.11,1159.52,6630.15,7028.54,1331.19,5653.45,4943.49,23750.41,24268.05,716.94,16592.16,11499.09,2027.02,6244.41,4071.53,3113.4,6214.35,10137.31,3362.9,2504.99,6325.55,1154.39,34777.71,1520.08,2023.84,12422.24,1171.95,2783.18,2359.55,5943.25,21343.56,3738.67,11078.34,2766.1,6752.78,890.12,1967.63,3188.19,23142.16,4285.78,7613.37,9516.01,1838.02,743.24,9500.76,28511,3575.89,10416.73,7283.19,912.38,9491.18,1568.52,2687.81
1981,14955.74,2955.37,13259.08,3489.2,4077.94,5791.45,22919.67,18317.12,864.96,21346.38,1964.96,959.06,1165.37,7258.03,20328.14,20404.81,3937.38,25219.51,2165.43,5430.55,12630.34,1751.35,2374.61,1153.69,25583.68,31416.77,7283.35,1826.95,2398.3,2489.13,1923.63,2383.8,6776.96,3093.28,1460.07,6987.31,39078.84,12446.58,19667.79,3493.17,5023.23,21906.47,4704.8,11608.78,7273.34,1414.69,13535.05,744.63,19826.26,4951.24,22084.4,12617.96,19200.68,3028.2,3122.03,3036.35,1344.79,1563.19,13912.02,2820.19,3696.49,15586.27,2723.17,1449.92,10740.25,2383.72,1104.57,13118.16,3415.62,5699.5,27875,16744.34,19588.09,4113.39,4143.56,19121.77,1984.09,822.55,6636.66,4850.06,51555.11,886.55,4478.04,1779.19,4853.61,2258.41,1387.75,29364.12,2580.66,1317.29,2671.34,13247.71,690.12,10222.6,893.76,1554.71,730.62,2352.53,12040.61,5569.56,1195.04,6533.51,6184.03,1197.56,5333.76,4943.34,23022.3,24547.84,766,17131.26,12803.25,2067.36,6490.82,4133.45,3160.87,5811.04,9814.44,3680.13,2267.44,6270.13,1277.44,32983.23,1620.59,2002.84,13308.29,1213.31,2418.85,2071.65,6283.52,21273.05,3954.58,10323,2580.47,7149.32,777.54,1673.97,3278.89,22334.16,4444.48,8299.4,9988.44,1540.35,725.33,9616.53,29045.85,3860.52,10249.38,7142.66,943.37,9195.98,1630.06,3160.61
1982,16076.49,2893.01,13378,3456.06,4016.47,7377.83,22031.81,18464.62,830.27,20628.1,1482.96,928.92,1128.45,7638.21,17491.88,19109.77,3955.63,25947.43,2147.27,5442.96,12066.44,1791.65,2301.57,1110.66,24267.6,31542.09,6172.91,1955.69,2345.31,2685.09,1903.2,2554.06,6674.51,3231.41,1521.88,6555.64,41520.16,13336.51,19329.06,3325.93,5346.48,22175.16,4620.28,11317.53,6954.99,1388.58,13071.15,788.66,19919.93,4737.33,21975.27,11296.77,19254.96,2482.87,3111.51,3139.1,1362.46,1509.95,13399.65,2884.55,3556.01,15903.46,2649.04,1379.31,10860.65,2373.88,1070.44,13348.9,3692.84,5388.78,28615.77,17264.25,19403.12,4037.73,3969.57,18647.93,1967.5,801.56,6440.33,5198.84,40870.45,932.72,2823.56,1699.52,4990.76,2222.36,1340.79,29394.42,2786.08,1294.31,3170.24,12915.75,737.67,10672,919.99,1785.6,685.03,2113.24,12528.64,5925.67,1227.65,6709.16,6078.99,1195.49,5223.96,4670.89,22310.35,24190.69,802.62,17206.97,12765.95,2079.09,6454.1,4069.08,3182.99,5786.42,9855.96,3548.14,2391.09,6574.12,1206.62,27211.09,1786.59,2268.98,14364.93,1254.08,2271.73,2098.3,6025.07,21335.3,3933.97,9106.55,2384.2,7534.84,801.93,1628.82,3364.72,20449.45,4414.93,8096.94,10403.23,1533.5,820.33,8583.86,28218.21,4064.36,9263.24,6997.11,996.55,8958.16,1563.58,3206.79
1983,17319.98,2831.75,13303.27,3512.87,4319.31,7627.48,22982.68,18877.81,848.22,19979.18,1468.53,849.23,1128.64,8112.59,17884.22,18486.74,3868.15,26774.46,2075.46,5231.54,12147.71,1976.65,2422.95,1033.28,24963.28,31678.62,5954.64,2059.37,2327.94,2948.78,1911.66,3038.35,6496.21,3360.1,1610.15,6518.42,45646.64,13715.18,19475.04,3248.65,5622.49,22387.07,4762.7,11564.11,6587.28,1559.56,12652.37,884.76,20026.09,4536.74,21629.71,12135.81,19733.04,2384.87,3067.24,2903.51,1299.63,2303.6,13238.8,2903.83,3486.48,16303.26,2514.8,1392.2,10759.98,2485.87,1058.85,13243.08,3616.96,4637.33,25207.43,18034.87,19234.63,4076.31,3908.58,18148.59,1991.42,808.75,6566.15,5804.79,39755.03,966.21,3685.71,1621.82,5207.15,2269.79,1233.59,29034.18,2938.51,1335.95,2780,11988.73,704.86,10157.03,960.5,1978.9,594.89,2098.8,12161.43,6122.54,1283.28,7106.38,5674.33,1161.3,4984.11,4844.02,22193.77,24461.16,780.87,17990.41,12422.5,2138.95,6513.5,3702.95,3128.06,6216.94,9659.06,3351.29,2229.13,6835.85,1242.44,24001.01,1560.81,2347.43,15599.22,1201.89,2271.8,1968.29,6041.93,21685.79,4126.05,9951.19,2107.35,7929.63,1047.28,1484.55,3456.23,17725.24,4576.08,8297.96,11280.03,1560.99,885.94,7690.1,29397.84,4266.55,9116.07,7117.46,1042.11,8935.4,1583.5,3603.45
1984,18786.71,3035.3,13488.99,3491.63,4539.5,6684.98,23501.09,18864.98,848.56,20022.25,1589.94,838.67,1203.12,8311.99,19817.72,21192.95,3841.03,26379.07,2177.58,5388.61,12627.86,1974.34,2743.88,1086.75,26386.22,32107.3,5983.13,2263.2,2508.71,3221.01,2315.58,3538.2,6516.68,3404.02,1639.41,6877.11,47976.58,15218.85,19619.86,3229.96,5799.79,23031.7,4550.17,11721.28,6514.3,1720.33,12441.03,867.11,20181.36,4699.38,21227.94,11642.65,19932.14,2512.02,3037.37,2873.42,1296.58,2183.43,13382.99,3075.97,3467.19,17807.05,2590.44,1417.36,10873.82,2595.16,1030.92,13451.05,3194.15,4569.15,27402.44,17717.88,19490.41,4103.1,4341.15,18071.6,2071.93,817.07,7183.27,6331.12,38706.1,946.75,5422.9,1492.02,5509.21,2392.29,1229.18,29561.21,3063.16,1347.01,3070.12,11991.74,695.6,10080.74,1006.68,2188.11,624.4,2011.95,12849.68,6219.29,1355.44,7696.18,5727.23,870.59,4450.32,4698.6,22641.09,25805.3,826.21,18610.2,13063.71,2198.67,6353.94,3856.5,2897.69,6754.48,9298.77,3350.41,2273.72,7147.08,1165.44,21548.57,1523.43,2426.65,16431.44,1228.3,2330.97,1886.39,5854.57,22829.72,4008.31,10844.35,1887.01,8373.42,1079.75,1457.43,3635.4,16531.31,4667.22,8550.59,12325.87,1634.68,844.11,7512.96,31519.54,4483.4,9217.86,7139.55,1104.73,8959.18,1829.18,3311.18
1985,20291.65,2990.91,14930.29,3441.53,4285.32,7326.3,23864.79,19237.47,912.88,19816.93,1682.41,906.43,1218.63,8700.79,14578.35,23313.49,4246.81,27728.1,2261.21,5557.47,12632.23,1997.16,3265.11,1179.34,27560.92,32528.6,5963.37,2407.47,2733.76,3280.17,2058.93,3407.95,6400.94,3672.91,1676.63,6925.9,45938.55,15606.5,19741.64,3173.55,5927.51,23630.95,4459.84,11985.18,6647.58,1793.6,12314.38,867.62,20366.13,4757.45,20980.98,10438.86,20479.29,2631.11,3102.12,2850.39,1101.2,2267.36,13777.67,3264.31,3360.35,18188.38,2605.71,1424.18,10750.51,2620.18,1021.85,13596.22,3090.65,4543.93,26967.52,17841.18,19678.67,3774.21,4120.49,18393.28,2050.52,823.11,7550.12,6669.4,34976.92,1015.34,6211.89,1483.84,5917.65,2533.24,1261.25,29806.44,3298.4,1362.86,3345.92,11914.21,867.97,10213.61,1004.88,2139.68,575.98,2025.05,13896.31,6517.16,1441.06,7172.13,6206.75,925.89,4752.62,4757.5,22606.88,26529.55,856.87,18534.85,14032.09,2263.86,6382.72,3881.19,2691.81,7295.89,9609.04,3376.43,2186.86,7295.63,1176.57,17652.04,1499.61,2613.41,15466.75,1217.65,2394.81,1929.65,6439.85,23377.02,3964.04,11315.15,1824.97,8866.69,1124.97,1438.07,3724.57,16238.41,4863.17,8895.82,12722.37,1810.01,799.92,7456.14,32548.87,4637.99,8730,6919.57,1139.95,8739.4,1981.22,3501.88
1986,22369.06,2508.11,17797.09,3549.33,4806.08,8983.89,23865.3,20130.43,928.89,20815.16,1469.24,949.25,1222.63,8715.66,13193.5,23808.88,4589.64,29462.87,2159.19,6152.56,13844.23,2077.35,3942.72,1124.23,27725.43,34103.21,6148.98,2472.13,2687.9,3023.06,1857.04,2237.81,6767.92,4145.47,1856.58,7495.78,48437.5,16047.15,21090.98,2995.87,6565.49,25218.4,4613.91,9986.6,6143.3,1763.28,13154.29,847.85,21238.14,4782.39,21827.44,8201.95,20701.07,2617.44,3080.24,2777.83,1326.45,1881.26,14374.25,3275.58,3455.13,19212.31,2688.04,1426.01,11058.25,2576.9,1057.88,13934.02,2717.89,4728.8,28296.51,18692.64,20928.73,4050.57,4203.54,19560.34,2139.81,833.65,8378.9,7667.56,25703.06,1035.85,5513.48,1446.14,6500.8,2653.86,1208.52,32771.66,3643.61,1611.8,3537.63,10932.36,882.33,10572.95,980.45,2248.56,588.52,2043.86,14841.55,7615.59,1271.38,6383.57,6059.72,903.33,1443.23,4434.54,23220.58,25866.92,879.14,19434.78,10191.82,2286.26,6716.88,4152.58,2782.38,7677.6,10640.51,3255.62,2529.47,7497.73,1183.18,17222.17,1595.11,2688.4,15110.09,1207.56,2524.48,1796.67,6078.68,24445.17,4619.07,10953.43,1586.03,9440.62,1080.44,1444.36,3785,13556.44,4672.39,9242.78,14600.95,1207.1,776.86,8381.96,33284.58,4896.45,7852.98,6872.47,1149.15,8373.95,1645.68,3515.02
1987,26620.96,2777.73,18874.25,3514.56,5090.85,9594.04,25249.25,20923.61,884.57,21556.43,1325.62,918.32,1204.5,9560.74,12593.47,23922.21,4979.57,30456.73,2185.02,6242.55,14544.17,2291.28,4291.13,1020.32,28952.62,34567.56,6462.56,2583.98,2475.42,2889.08,1810.76,2213.06,6642.87,4039.82,1948.47,7210.92,49926.38,17217.4,21827.08,2733.02,6870.54,25266.92,4752.16,9067.53,5873.61,1768.07,14129.01,852.53,22136.43,4750.2,22287,7385.64,21520.2,2603.56,3085.22,2691.34,1330.13,2003.39,14237.33,3750.72,3344.88,21355.52,2731.04,1391.58,11840.81,2642.77,1103.96,14487.31,2744.63,5549.71,31526.91,19840.71,21932.15,4353.31,4520.77,20731.03,2071.83,973.59,8988.28,8760.7,28660.08,1015.19,6657.14,1505.76,6672.08,2728.17,1270.09,33788.35,3663.97,1483.24,3723.56,11012.29,784.78,10958.65,925.6,2379.78,519.53,2034.22,15693.09,8556.57,1138.45,6770.64,5576.44,872.16,1093.97,4590.85,23161.52,25787.85,882.3,20005.5,10053.69,2374.39,6952.03,4573.67,2958.75,8055.74,11483.73,3287.7,2378.94,7598.83,1080.97,15662.98,1588.3,2664.55,16099.85,1259.43,2480.32,1699.46,5465.06,25275.29,5337.27,13001.53,1434.02,10065.61,1071.69,1374.39,3991.55,12118.37,4880.56,10086.84,16096.92,917.73,804.69,9143.72,34007.19,4903.03,8048.98,7519.8,1155.93,8531.55,1725.35,3413.95
1988,30935.91,2572.6,18247.02,3360.62,5259.07,10764.74,26643.41,22114.58,924.11,23172.12,1329.52,950.72,1214.56,9842.48,13966.15,24253.75,5161.53,30416.03,1999.61,6229.4,15479.6,2218.84,4878.08,1050.32,30270.08,35187.99,7091.84,2637.58,2428.65,2781.27,1903.99,1930.18,6687.52,3892.33,1978.78,7246.35,55157.75,18348.77,22925.24,2527.85,7255.57,25099.27,5025.78,8056.23,5580.87,1700.86,15182.61,787.98,23717.07,4881.08,23393.56,6781.14,22528.15,2785.84,3163.9,2664.39,1368.14,1993.54,15259.88,3905.97,3438.88,22637.07,2847.94,1368.36,12215.41,2701.54,1173.67,15284.83,2469.02,5616.32,31787.19,20531.54,23039.65,4555.06,4400.58,22741.71,2110.19,1067.72,8909.87,9966.32,23961.37,1018.32,4871.67,1616.99,7086.86,2763.59,1389.8,37255.46,4048.83,1396.41,3923.07,10636.41,675.8,12162.3,800.59,2456.6,501.44,2041.45,18342.95,8764.13,1011.4,7273.17,5624.53,857.18,952.86,3131.33,24029.05,25317.71,933.58,20745.47,8809.34,2463.64,6123.3,4242.45,3186.65,8591.21,12532.27,3484.34,2267.41,7813.14,1051.54,16568.47,1611.76,2669.42,17165.64,1275.13,2569.49,1621.84,6174.9,26104.53,5237.63,13763.45,1466.97,10769.21,1135.96,1518.14,4324.09,11385.39,4988.72,10104.83,16742.1,1174.49,821.24,9101.35,35070.26,5735.86,7865.19,7947.6,1185.96,8568.45,1707.24,3893.31
1989,35964.21,2640.22,19552.12,3554.89,5092.35,11218.27,27447.28,23422.51,862.13,24353.24,1210.29,933.87,1318.63,9579.73,14082,25699.78,5501.9,30463.64,2099.45,6156.77,16873.26,2366.24,6144.27,1083.14,30915.27,36710.59,7580.75,2551.46,2572.72,2612.55,1855.48,2019.07,6725.94,3566.02,2082.72,7388.07,56190.63,19812.82,23996.45,2340.5,7128.4,25346.35,4926.85,8075.31,5525.74,1842.78,16246.95,752.88,24987.48,5274.77,24273.03,8928.9,22943.25,2702.79,3166.07,2648,1386.65,2150.34,15932.93,4398.04,3510.39,23440.89,2856,1263.29,12670.13,2913.42,1232.19,16576.44,2609.82,4959.85,30319.55,19920.69,24090.58,4573.64,4204.75,24465.63,2080.12,1102.15,9596.82,10847.08,26869.16,1115.61,2842.77,1690.6,7047.94,2860.75,1451.5,41003.68,3996.12,1325.7,4158.29,10853.7,693.82,12900.29,811.09,2393.88,539.82,2061.09,22127.07,9042.36,1025.69,7646.79,5590.21,817.23,917.46,2900.81,25173.73,25741.32,984.2,21100.7,9238.17,2491.85,5971.43,3481.1,3341.16,9068.58,13444.41,3626.69,2235.12,7431.2,1102.97,15925.04,1492.44,2565.7,18517.77,1316.66,2574.11,1790.47,6368.53,27037.62,5197.76,14799.47,1309.52,11502.42,1135.53,1497.25,4645.66,10657.94,5057.09,9820.19,18094.17,1083.26,817.88,9123.26,35993.34,5644.97,7867.52,8242.52,1206.85,8557.4,1341.6,4257.7
1990,38092.71,2698.76,22867.21,3374.06,5406.27,11710.31,26769.89,24872.14,847.16,25249.46,1207.65,910.25,1337.06,10130.82,15153.13,25452.88,6138.5,29642.88,2200,5841.4,16307.3,2507.09,6274.95,1050.44,30398.7,38163.77,7552.53,2548.28,2294.13,2410,1392.43,2213.21,6829.81,3487.15,2010.01,7326.17,59744.71,20823.89,25626.28,2353.17,7718.4,25711.34,4493.43,8282.12,5774.59,2012.93,17279.91,722.94,25111.71,5707.93,24898.23,8699.62,23052.52,2734.69,3068.07,2639.63,1417.39,1846.16,16214.13,4687.34,3586.91,24111.51,2786.47,1240.9,12652.11,3202.77,1283.87,17781.98,3049.37,4839.5,29850.12,21261.81,25096.57,4792.84,3309.74,26252.23,2068.11,1073.5,10147.5,12048.54,19934.19,1157.71,3873.14,852.92,7284.85,2929.09,1456.78,42348.65,3985.47,1265.57,4653.54,11282.54,664.81,13538.99,805.98,3314.83,526.88,1964.41,26573.94,9745.63,962.95,8089.8,4725.75,826.01,844.14,2949.56,26252.66,26209.2,986.63,20825.31,10590.51,2480.88,6152.43,3448.76,3489.25,8113.9,14541.34,3649.18,2552.28,7183.23,1061.97,16343.7,1499.59,2544.77,20444.33,1423.1,2483.28,1723.64,6377.15,27229.87,5820.36,16136.8,1203.57,12137.9,1122.47,1632.67,4973.61,11237.06,5311.88,10371.07,19194.01,1106.32,811.15,8919.09,36169.02,5533.21,8527.79,10009.04,1258.94,8322.35,1306.66,4417.75
1991,33607.69,2424.25,17356.77,2776.01,6406.55,11796.94,26397.21,26199.12,862.27,25668.39,1224.28,955.72,1369.41,10524.72,15281.78,23511.97,5671.39,29202.54,2266.41,6272.55,17256.27,2489.87,6416.09,1009.06,29254.02,37455.74,8017.13,2654.89,2256.87,2276.09,1052.14,2450.73,6805.6,3272.72,2022.3,7346.58,57814.58,20136.81,27081.02,2216.19,7255.34,25824.78,4511.59,8286.48,5808.47,2280.83,18110.51,648.49,23340.37,5503.89,24931.1,9112.61,22394.56,2909.35,3026.98,2606.38,1437.64,1786.15,17190.04,4766.26,3736.87,25622.63,2864.45,1224.06,11340.06,3412.98,1291.58,18011.61,3505.35,1584.07,30374.44,22965.14,25946.78,4805.38,2868.51,27763.57,2086.23,1134.47,10479.87,13510.33,11997.62,1173.77,5311.27,766.34,7114.38,2926.83,1422.94,45637.03,4398.35,1178.47,4874.98,11509.8,733.93,14368.86,770.83,2401.65,530.94,1976.69,19509.08,10304.79,1020.52,8634.6,4806.16,803.89,696.72,2981.75,26933.39,26668.16,1037.8,20233.51,9918.4,2467.66,6693.49,3526.46,3542.17,7676.05,15256.3,3672.38,2344.51,6692.25,960.54,17717.83,1531.24,2448.67,21643.21,1467.01,2579.5,1664.01,6454.69,26908.8,5958.72,16106.12,1079.29,12666.07,1131.83,1500.65,5336.31,10592.33,5568.74,9901.46,20619.29,1078.67,794.87,9277.46,35751.57,6077.47,8244.87,12228.98,1350.15,8115.41,1309.94,5041.11
1992,42728.29,2702.66,20921.22,2177.38,7605.83,11922.56,27114.04,27045.76,820.23,26413.35,1218.85,928.57,1374.81,8903.71,15851.7,22715.16,5946.05,28613.92,2318.15,6378.63,17208.87,2549.05,6308.82,942.55,29149.67,36928.72,8701.04,2820.92,2278.59,2172.36,1382.1,1740.97,6882.27,3383.41,2127.81,7905.16,57289.1,21733.91,27987.08,2449.2,8108.45,26433.52,4942.88,7861.96,5787.18,2472.02,18599.08,559.52,22134.76,5656.49,25195.74,8503.58,22304.61,2682.06,2831.77,2585.58,1232.82,2063.79,17466.11,5475.93,3742.05,27482.2,2909.72,1157.97,11491.3,3626.39,1338.34,18535.75,3780.05,1924.82,28740.64,24086.1,26364.31,5156.78,3125.3,28610.99,1991.18,1172.35,10451.03,14533.96,24394.31,1204.48,4466.49,492.46,7523.33,3150.47,1500.29,45226.23,4312.25,1115.31,5054.83,11763.06,663.51,14598.87,822.46,2251.2,441.77,1951.23,19381.88,10992.08,907.96,9196.83,4880.41,773.16,584.7,2907.21,27305.26,26847.29,1035.09,20422.16,10263.36,2543.46,7176.32,3522.92,3621.15,8191.99,16004.52,3701.86,2782.12,6159.11,1061.03,18488.72,1439.33,2411.82,22284.96,1381.96,2738.1,1613.1,6507.84,26572.8,6117.51,16820.99,1082.35,12984.97,1107.05,1444.22,5939.03,9814.45,6008.09,10166.92,21766.54,961.32,804.85,10307.91,36700.57,6973.61,8147.38,14388.63,1429.63,7863.55,1092.14,4409.59
1993,44692.35,2265.74,20859.7,2715.27,8633.89,12495.59,27902.73,27425.45,754.4,26389.64,1235.47,933.03,1389.17,8274.55,16507.76,22347.69,6480.03,29558.45,2426.98,6753.29,17937.49,2754.39,6398.47,897.21,29689.66,36907.51,9074.6,3076.02,2215.84,2225.08,1028.35,1787.53,7092.8,3249.03,2195.27,8336.66,57512.33,20982.71,27994.14,3144.12,8378.04,26015.11,5316.49,7187.17,5255.51,2839.86,18520.79,580.39,21652.17,5677,24841.06,8228.98,22773.58,2504.69,2799.2,2608.45,1344.54,2082.28,17485.37,5393.81,3882.02,29434.94,2941.67,1061.82,12046.74,3811.25,1411.88,19454.93,4569.88,2785.74,28588.59,24426.65,26090.47,5283.5,3119.62,29276.15,2034.52,1069.94,10772.28,15899.35,35137.91,1244.06,4641.63,333.73,7581.19,3409.33,1598.15,48444.83,4294.97,1097.12,5256.86,12940.73,684.27,14919.35,872.23,1837.11,454.43,2092.11,18425.69,11381.47,974.23,9950.76,4828.58,741.29,492.01,2861.13,27501.26,27642.1,1093.77,21789.04,10044.9,2527.46,7455.65,3701.27,3718.07,8819.72,16032.79,3785.6,2945.26,6538.95,1033.13,18226.17,1365.93,2280.8,24192.41,1540.98,2993.1,1595.49,5960.43,25397.99,6638.74,18691.57,1005.55,13764.54,1058.26,1175.83,6459.31,9248.27,6283.76,10943.41,23078.42,909.74,814.1,10685.8,37473,6678.73,7679.17,18330.79,1476.73,7925.11,1012.02,4511.71
1994,48549.7,2388.54,22067.57,3315.14,9957.27,12952.33,29004.9,28673.78,769,27282.57,1108.35,859.43,1426.18,8330.3,16157.99,23055.99,6979.93,29969.02,2615.43,7461.99,18851.47,2858.74,6597.06,1030.94,31000.87,37536.28,9820.58,3247.19,2263.26,2235.29,748.86,1602.74,7397.7,2698.33,2426.03,8615.4,57587.94,22113.49,29026.56,2305.31,8201.3,27348.97,5509.98,6922.82,5276.33,3177.48,19277.68,523.93,22334.84,5830.81,25357.98,8638.37,23393.97,2594.18,2808.29,2565.45,1456.57,1376.77,18231.58,5645.31,4044.06,30986.25,2912.48,956.81,12765.25,4018.89,1481.48,20696.87,4877.81,2533.84,29089.55,25515.09,27046.76,5285.83,3279.07,30236.99,2255.39,1117.04,11611.53,17838.98,40713.76,1306.64,4907.32,259.46,7268.78,3607.08,1637.42,50528.83,4745.52,1074.43,5469.47,13461.31,667.95,15700.9,899.25,1969.94,483.7,2131.09,19439.81,11913.08,1060.1,10749.64,4926.79,729.95,443.65,2935.03,28414.4,28673.6,1209.67,22972.32,9747.03,2533.39,7493.6,4258.29,4037.66,9534.25,17076.16,3897.91,3280.58,7078.42,499.96,17449.1,1410.22,2250.22,25948.09,1734.28,3233.65,1547.83,5889.15,26916.06,6705.2,19051,943.43,14802.72,1070.48,1301.51,7100.84,9528.25,6794.87,10088.77,24475.86,853.56,1054.73,11595.67,38727.39,6458.45,7374.15,22763.04,1529.88,8030.25,954.61,4962.9
1995,43330.89,2342.61,20537.23,3619.52,10912.57,12134,30113.61,30071.43,693.7,28083.8,1150.76,879.42,1450.09,8125.19,16560.27,23629.54,7453.35,31282.67,2840.4,8543.3,19333.08,3183.69,7064.44,1021.09,32066.21,37769.68,11158.51,3424.93,2389.28,2302.27,758.46,1479.92,7604.22,3146.15,2414.94,8860.11,57231.55,23219.18,29964.79,2677.7,8335.86,28257.6,5675.64,7035.57,5182.49,3657.96,20313.76,560.82,24622.08,5883.31,25762.37,8654.64,25831.61,2616.27,2837.2,2503.7,1453.39,1556.56,18972.84,5678.77,4215.45,31325.76,3052.07,1223.46,13300.7,4292,1560.45,23428.95,5036.14,1999.99,29273.03,27008.99,28320.12,5330.92,3312.71,31912.36,2096.63,1180.23,11959.91,20014.56,42295.48,1369.56,5200.86,241.23,7699.57,3791.23,1654.34,50686.89,4620.97,1065.62,5508.95,10873.53,876.98,16547.75,957.12,2537.23,426.59,2023.95,18177.46,12961.22,1059.37,11717.2,4865.12,753.48,415.48,3068.76,29445.68,30007.16,1228.33,23947.9,10199.04,2618.93,7293.92,4707.05,4377.09,10493.75,17914.56,3988.32,3350.62,7471.87,621.79,17114.07,1373.59,2211.39,28065.49,1627.16,3546.68,1465.01,5561.67,28669.11,7517.56,17785.05,979.95,15155.93,1060.1,1278.97,7917.7,9555.05,7242.22,10543.62,25803.81,863.52,1026.84,11451.72,39360.64,6826.08,7328.84,27557.74,1625.68,8260.51,950.81,4655.58
1996,45676.58,3053.9,20484.91,4083.91,13962.05,12468.59,31373.92,30714.4,644.36,28206.59,1212.15,946.14,1453.89,7212.09,16081.81,27045.21,6667.22,32534.12,3060.39,10068.18,21700.14,3379.31,8292.7,874.82,32696,38224.92,11428.98,3645.35,2534.25,2397.19,655.55,1697.66,7532.38,3030.75,2707,8678.09,56774.71,23000.3,30273.2,2378.72,8265.03,29179.49,5970.87,7668.56,5138.18,4315.93,20985.94,557.57,24915.19,6126.85,26105.48,9422.76,27243.02,2629,3016.94,2524.04,1463.09,2339.93,19600.89,6238.8,4273.91,33474.26,3057.22,1395.79,13701.13,4608.73,1669.87,25206.37,6064.92,2898.08,30188.92,28246.66,28786.31,5426.48,3219.91,33783.33,2144.68,1106.33,13080.53,21902.4,43079.59,1445.42,5424.68,223.09,8183.4,4034.19,1792.1,51957.44,5372.43,1081.5,6029.05,11250.28,1052.17,17031.42,972.27,2313.87,527.45,2178.96,15056.83,14235.99,1033.81,12696.65,5117.89,734.42,414.52,3121.64,30625.13,32593.81,1302.84,24858.12,11053.9,2689.32,7535.38,4872.36,4681.26,11295.47,18472.02,4035.77,3213.65,7750.22,688.6,17169.07,1376.51,2289.18,29659.6,1374.47,3639.07,1516.11,6479.26,29197.11,7854.39,18825.29,957.78,15681.27,1011.35,1452.47,8650.87,9371.35,8264.43,11519.44,27487.99,911.42,1013.11,12087.74,40504.65,6980.93,7367.33,29132.89,1721.85,8441.38,1029.85,5213.07
1997,47401.76,2771.25,21867.92,3750.85,14302.34,12839.32,32667.2,32073.02,647.01,29944.3,1269.71,974.47,1425.74,6390.41,17121.25,28358.09,6419.21,34326.95,3063.54,9638.01,22521.16,3573.01,8795.27,915.25,34042.3,40131.46,11563.24,3712.04,2465.08,2429.93,655.07,1557.15,7604.15,2998.91,2652.14,9042.36,56465.64,23146.02,31469.89,2525.01,7979.81,31317.53,6512.02,7557.01,5281.64,4434.76,22497.01,598.81,27438.01,5824.06,27585.64,7926.84,28983.41,2690.37,2702.78,2492.63,1654.97,5678.66,21094.03,6381.65,4428.67,35409.65,3106.56,1449.9,13906.95,4683.11,1740.69,28128.83,6249.28,3430.77,33860.24,29204.98,30235.73,5475.38,3366.67,33949.57,2095.52,1150.63,13096.14,21429.69,41488.92,1501.31,5609.58,428.02,8105.87,4215.21,1905.91,54779.35,4934.78,1085.46,6457.91,11973.26,1106.8,18782.07,979.8,2417.57,602.69,2025.91,14048.86,13987.31,1108.37,13221.66,5093.96,713.58,437.38,3169.13,33033.26,35297.29,1266.76,25684.31,11783.72,2619.57,8181.7,5145.13,4575.1,11925.55,19841.49,4063.53,3511.96,7431.81,769.9,17288.76,1409.65,2280.56,32890.27,1220.76,3850.44,1508.1,6955.99,30596.65,7566.71,20751.12,1067.71,16270.22,1101.91,1525.59,8054.27,9625.21,8165.06,11997.86,29142.11,972.19,1027.75,12216.94,41994.3,6909.2,7083.47,31509.31,1835.83,8491.2,1077.87,4255.5
1998,46852.99,2801.55,24756.89,4142.83,14202.34,13354.57,33802.65,33918.93,680.63,31052.74,1296.16,1039.85,1405.54,6765.46,16262.61,31252.94,6403.31,35790.38,3081.67,9129.38,22074.63,3613.33,8503.22,940.86,34639.06,41964.05,11316.55,3744.89,2436.98,2491.57,565.02,1232.77,7322.2,2762.23,2931.37,9573.91,69382.14,24131.82,32866.85,2410.97,8820.86,32771.83,7171.99,7325.97,5230.41,4400.38,24227.53,527.96,30066.77,5731.67,29395.46,6957.58,30120.35,2658.27,2644.91,2496.5,1384.18,4414.16,22375.69,7048.15,4615.37,33543.46,3130.38,1445.18,14155.53,4262.46,1833.8,31465.32,6223.89,4479.23,36876.83,30150.46,31900.99,5539.39,3477.85,33406.63,2072.32,1153.43,13428.76,19330.86,40582.06,1527.06,6412.95,515.99,8640.13,4531.25,1769.68,57393.05,4962.91,1112.1,6976.54,12481.5,1182.82,20331.79,1006.02,2296.45,636.84,2006.04,14387.33,14543.97,925.67,12301.25,5152.68,762.85,409.78,3295.4,35584.79,35505.04,1251.1,25958.65,11559.98,2718.26,8724.63,4976.39,4378.62,12530.17,21187.88,4057.38,3830.33,7350.28,768.58,15491.66,1424.27,2335.7,31791.29,1066.48,4050.12,1603.17,7334.77,32356.11,7183.07,20785.73,1204.55,17304.54,1058.81,1314.55,7210.81,9575.07,8053.27,11838.29,30482.15,1028.36,1084.43,12433.23,43624.75,6605.23,6368.99,33909.51,1915.78,8440.12,1015.88,3699.46
1999,42399.09,2853.66,25390.77,4438.97,13165.24,13606.24,35212.28,34938,685.37,32356.7,1368.24,1079.05,1366.99,7820.62,18688.4,33859.36,6404.16,37537.09,3073.79,8622.73,22462.53,3823.61,9725.17,920.55,36496,42750.8,10849.79,3959.63,2358.27,2537.61,577.02,1545.46,6874.15,2742.64,3340.03,9654.22,67981.68,25254.69,34203.26,2502.64,8922.14,33525.47,7454.46,7734.68,4987.69,4559.94,25101.75,524.52,31433.05,6028.75,30564.77,7821.49,31109.62,2731.39,2440.14,2593.42,1603.58,6602.66,22682.57,7376.29,4699.44,33348.66,2937.23,1584.06,14379.78,4030.67,1921.87,33680.02,6988.88,5082.87,38356.39,31149.29,32726.09,5612.24,3615.94,33180.29,2036.18,1264.04,14908.54,20841.67,36943.31,1668.57,6889.71,585.86,8729.06,4400.57,1840.57,64435.71,4680.87,1137.56,7078.54,12939.64,1186.71,21443.62,1058.94,2395.93,612.74,2079.44,15948.81,14096.06,894.03,12831.6,5210.98,740,510.14,3348.93,37786.17,37644.96,1249.82,27407.73,13500.89,2710.69,8885.51,4911.77,4311.24,13114.07,22412.99,3860.93,3970.7,7441.07,731.11,17090.5,1654.09,2487.71,33958.63,769.31,4196,1564.14,6214.47,34468.02,6864.11,20975.58,1262.98,18009.08,1046.69,1387.03,7221.82,11002.92,8041.53,11175.75,31556.51,1072.2,1098.77,11724.95,45179.55,6879.48,6263.48,36378.83,1992.58,8503.05,1018.08,3266.71
2000,44036.39,2274.18,24809.16,4477.57,12869.53,14224.29,35356.37,36020.2,626.17,34262.01,1472.9,1061.94,1354.45,8428.56,23983.25,34784.24,6785.03,39330.56,3091.47,8617.32,22624.79,4181.09,10254.15,927.63,38225.37,43496.05,11011.34,4219.04,2233.8,2553.35,510.85,2372.35,7011.34,2620,3334.06,9677.78,65551.76,26746.93,34435.97,2453.21,8634.49,34924.75,7686.41,9464.82,5205.01,4689.53,26139.87,513.76,32875.83,5806.24,31971.75,9791.28,32722.47,3034.56,2246.7,2682.2,1537.57,9747.76,23127.7,7588.42,4812.04,35735.51,3059.78,1798.13,15165.8,3825.91,1988.44,36225.1,7614.95,5033.02,38036.62,33314.24,33412.1,5683.11,3703.52,33908.82,1936.54,1321.89,14612.11,21919.01,36658.18,1630.8,7296.81,871.39,8229.38,4425.45,1918.07,68055.7,4394.53,1171.04,7719.72,13308.79,1126.33,22526,1131.76,2735.53,651.35,2021.73,16565.49,14390.53,859.16,13492.58,5383.1,690.33,764.37,3412.25,39967.78,42875.83,1263.51,27467.39,16173.21,2723.3,9042.54,4982.6,4295.42,13403.11,23059.94,3577.88,3708.19,7566.21,772.59,19753.1,1806.25,2378.42,39913.15,871.48,4292.97,1638.51,7021.58,36169.4,7263.76,21612.82,1526.13,18023.78,973.53,1289.57,7353.85,13134.31,8067.4,11687.04,32857.41,1113.77,1112.35,11069.72,46461.14,7194.84,7101.96,38882.01,2070.29,8797.81,1188.88,2917.61
2001,42353.94,2197.3,23988.26,4688.28,11870.5,13925.15,36249.51,35188.14,615.01,34275.02,1524.8,1098.17,1362.06,8595.34,24767.93,33826.1,7027.24,43135.75,3137.63,8447.6,20891.39,4326.04,9987.48,923.2,37724.1,43133.95,10844.56,4527.46,2211.32,2505.16,492.15,2150.79,6872.36,2845.15,3437.91,9884.96,63443.94,27637.58,34786.81,2464.37,8263.79,34667.7,7873.87,9000.4,5274.67,4824.62,26725.49,554.87,32954.34,5807.37,32729.45,9413.12,33247.64,2763.52,2059.55,2666.04,1520.59,13277.59,24048.29,7625.2,4902.61,36182.41,3076.03,1691.78,16448.37,3850.32,2062.55,37596.98,8431.03,5009.89,38755.09,33106.13,33253.96,5809.41,3910.33,33953.09,1898.77,1398.87,13454.26,22568.9,32819.84,1943.59,7910.41,797.27,7462.92,4414.71,2056.21,66053.82,4457.31,1226.87,7821.55,13128.88,1247.36,22044.31,1210.17,2999.55,692.57,1990.3,17871.27,14066.59,775.14,12988.6,5493.92,721.24,919.86,3450.06,40264.49,42239.54,1309.27,28002.71,16853.11,2691.64,9189.19,4940.47,4130.18,13676.21,23123.75,3648.41,3234.12,8121.23,797.41,18371.23,1771.62,2421.57,38750.05,939.36,4485.95,1974.73,7356.78,35503.83,7010.13,19715.46,1721.09,17876.43,973.72,1260.38,7408.6,12498.51,8175.49,11280.16,32080.84,1172.84,1151.09,10499.88,46469.59,7201.51,6992.07,40046.98,2178.63,8996.65,1222.85,2688.85
2002,40872.42,2412.46,21433.43,4845.34,10878.52,14306.23,36884.59,35578.02,616.13,34714.93,1631.61,1119.89,1393.59,9158.64,23810.42,36418.39,7269.99,43793.73,3208,8465.7,20166.58,4751.91,10264.98,901.62,37529.4,42438.78,10844.09,4897.17,2194.69,2520.76,498.52,2226.55,6897.4,2927.37,3559.13,9941.52,62488.97,27597.57,34518.27,2344.47,8305.47,34713.35,8175.69,9036.02,5695.16,4870.15,27417.34,490.15,32569.81,5895.78,32763.17,9453.35,33643.07,2763.29,1918.63,2387.78,1463.39,11230.4,25163.61,7940.79,5030.98,37648.84,3114.58,1645.69,17410.71,3769.72,2143.91,39118.39,9621.45,4541.79,37732.26,32703.04,32722.49,5932,4175.34,33793.64,1853.08,1513.8,14910.98,24270.61,34726.32,2127.26,9037.96,813.1,7903.98,4613.3,2049.41,66451.97,4396.58,1097.17,8167.53,12897.24,1293.83,22756.73,1299.97,3262.09,776.4,2094.7,19169.18,14212.08,892.47,13532.5,5698.14,730.48,1114.97,3428.66,40213.72,41098.06,1258.67,28369.67,18508.34,2759.37,9475.99,5215.38,4065.52,14074.57,23296.65,4621.73,2838.06,8540.95,876.7,19717.26,1783.38,2348.19,40809.52,1047.03,4645.34,1994.93,7696.42,35106.89,6861.12,21003.6,2113.5,19216.43,724.45,1281.85,7923.55,12973.78,8112.95,11041.55,33465.23,1261.51,1177.01,9571.78,46827.62,7590.74,6651.38,37003.5,2300.01,9257.06,1261.08,2022.64
2003,40485.2,2434.22,22238.33,5168.05,11338.57,14681.35,38239.29,36019.16,617.82,34559.2,1701.38,1173.83,1411.87,9533.77,27430.45,34853.85,7480.64,46376.03,3367.27,8358.2,19942.94,4891.92,10497.83,837.16,38396.98,42027.93,11187.76,5127.94,2325.37,2605.88,520.7,2202.64,7027.45,2789.79,3904.99,10207.44,61949.72,27344.6,34568.18,2420.61,7938.83,34175.21,7666.42,9797.18,5995.55,4968.19,27689.34,477.06,32574.28,5848.9,31566.61,10472.18,34487.64,2930.03,1693.55,2468.36,1423.93,11444.21,26036.35,8627.19,5083.35,38520.09,3161.91,1567.07,17915.23,3722.39,2298,39474.04,10529.62,2889,37628.23,30783.64,32603.82,6246.82,4263.61,34282.53,1820.56,1606.87,14277.05,25081.49,41541.09,2153.9,9813.91,570.16,9172.72,4928.79,2048,67130.51,4541.06,1172.38,8912.92,12808.11,1393.58,23572.82,1440.74,3574.63,814.35,2193.23,19078.02,13989.23,893.6,14320.07,5593.6,729.42,1549.98,3422.36,38763.7,41154.51,1247.61,29040.14,20328.87,2804.64,10322.05,5473.57,4070.49,14221.34,23386.15,4836.6,3152.43,8970.33,869.08,20818.69,1912.49,2413.63,42015.76,1027,4788.84,2025.43,8458.17,35412.72,6782.07,19103.22,2567.05,19531.24,829.11,1321.03,8505.06,16141.88,8171.22,10768.63,34001.02,1309.41,1181.26,9502.48,47712.27,7968.85,6439.95,32666.64,2417.06,9409.24,1328.26,1694.96
2004,42554.43,2788.95,25550.42,5515.28,12074.4,15629.99,39174.38,37184.22,635.71,35311.25,1787.1,1193.77,1432.85,10102.43,30065.99,33573.44,7544.05,48518.55,3596.87,8720.19,20486.19,5037.99,11145.77,844.77,39645.45,42735.63,12446.88,5571.86,2159.01,2602.54,553.7,2620.82,7326.3,2679.11,4113.5,10429.75,60824.49,28910.89,35248.82,2463.69,8186.58,35937.85,7836.55,10182.4,6527.59,5117.9,28660.67,556.76,34139.05,6025.7,32163.28,12432.9,35652.03,3021.93,1609.2,2689.27,1439.48,14749.67,27688.66,8773.67,5164.54,40811.13,3255.82,1517.02,18313.55,3984.73,2426.77,40741.15,11895.35,4455.77,40737.36,30144.31,32611.33,6405.19,4566.18,34938.07,1811.53,1731.9,15381.29,26418.76,50362.33,2245.62,11222.89,611.98,9774.89,5006.65,2113.8,70089.78,4489.98,1170.9,10355.52,13468.67,1279.95,23558.91,1620.63,4212.21,870.62,2160.34,18474.5,14104.37,981.67,15326.82,6158.27,690.31,2270.75,3492.61,39410.99,44879.11,1269.5,29239.82,25767.62,2978.9,10706.26,5877.53,4101.41,15017.36,23868.33,4904.18,3345.97,10050.76,937.83,24058.14,2046.02,2425.43,49647.12,1001.09,4908.74,2121.07,9109.98,36565.42,6774.46,16022.57,3529.82,20471.23,1206.09,1249.42,9062.08,18973.14,8319.24,11859.41,35008.58,1350.22,1207.56,9844.59,49138.48,8288.42,8181.38,32243.37,2629.56,9732.71,1426.87,1530.02
2005,42680.94,3363.74,28563.83,5848.39,12764.81,16346.9,39925.66,38499.55,605.12,36384.08,1801.52,1242.69,1461.44,10842.1,36970.07,35196.61,7506.96,50765.07,3743.53,8812.89,20937.22,5242.94,12599.56,839.24,40917.94,44663.59,13403.45,6228.76,2057.5,2570.42,576.28,3281.68,7615.52,2938.48,4065.04,10607.13,63009.75,30873.9,35637.21,2545.33,8129.06,37054.88,8397.39,11644.56,7186.56,5203.64,30136.85,630.05,35202.56,5932.43,33644.95,17201.93,36188.61,3006.71,1539.43,2582.61,1402.4,20988.51,27433.52,9847.67,5251.47,43864.64,3365.07,1535.25,19052.27,4264.06,2679.5,43081.1,13937.49,4461.76,44273.68,29434.71,32961.19,6610.01,5010.37,35357.39,1855.36,1914.44,18441.62,27324.44,64365.11,2284.94,12781.07,613,9899.42,5147.68,2183.26,75124.1,4305.8,1190.46,9348.46,13691.27,1324.58,24279.58,1884.53,4946.94,919.32,2219.85,17697.29,13137.62,989.19,16123.87,6314.03,693.21,3458.77,3548.05,41080.21,49907.53,1268.44,29036.92,26646.62,3145.59,11828.84,6384.92,4055.16,15460.21,24848.68,4820.98,3561.45,10464.92,1011.31,28314.6,2297.25,2485.09,56183.78,955.68,5180.57,2173.69,9541.38,36747.22,7076.69,18066.08,5238.48,22237.88,1459.46,1150,9439.53,20448.38,8554.16,12793.7,35978.54,1448.15,1284.35,10227.25,50303.86,8481.71,10074.74,36389.85,2887.34,10168.97,1560.08,1234.72
2006,42730.7,4115.21,33210.52,6406.83,13770.24,18305.13,40703.9,40318.46,612.8,37592.67,1790.5,1251.67,1588.51,11680.36,38739.72,34926.56,7687.68,54633.65,4095.96,9515.43,19633.35,5495.12,13214,852.75,41138.86,48280.18,15648.71,6844.39,2129.72,2605.88,585.16,3467.57,8281.32,2881.26,4428.63,10979.12,64055.66,32547.93,37150.16,2884.18,8741.17,39691.58,9277.91,12669.24,7692.93,5714.7,32784.45,641.73,36694.17,6230.2,34900.83,15256.29,37359.76,3077.41,1546.03,2469.82,1335.5,19244.54,29838.67,9724.49,5480.76,45199.81,3519.53,1517.2,19974.38,4655.27,2953.98,46786.28,14804.13,5223.44,46175.98,29684.64,34478.19,6947.32,5617.08,35909.32,1993.75,2035.67,18385.35,28248.53,75600.42,2895.27,12553.9,626.09,9498.88,5660.52,2227.62,82331.04,4672.57,1240.08,11743.36,14310.64,1491.74,24749.59,2143,5981.51,956.51,2960.68,17238.7,13820.31,998.9,17066.33,7106.21,705.74,3551.33,3586.27,43355.03,55063.55,1316.26,29575.85,38457.9,3350.27,12694.37,7311.8,4282.52,16415.86,26173.06,5007.16,3352.45,12232.3,1100.37,32015.57,2677.24,2492.17,59335.18,973.33,5484.25,2285.29,10267.98,39528.72,7328.46,20108.18,4953.03,25096.08,1488.47,1143.92,10179.19,24120.93,8902.09,14492.32,36972.21,1506.54,1341.81,10887.07,51271.01,9076.53,11663.42,34755.33,3121.4,10844.27,1822.3,1097.11
2007,44776.66,4353.81,39179.52,7014.49,14940.02,20419.18,41337.77,41867.3,616.26,38936.95,1806.08,1235.06,1752.89,13094.76,41015.76,35920.26,7762.9,60522.49,4248.84,10462.15,21108.3,6161.35,13347.71,868.91,41359.9,52723.54,16855.54,7330.28,2178.77,2661.27,618.26,2833.57,9024.04,2297.03,5006.97,11622.56,64219.09,34802.59,39135.4,2829.76,9243.72,41254.79,10017.12,12400.21,8057.27,6364.81,34771.54,764.97,39887.28,6289.63,36463.2,14476.78,37910.2,3537.1,1556.8,2435.61,1345.19,21142.23,30585.69,10534.41,5793.81,47759.36,3652.13,1593.27,20589.45,5094.29,3290.87,50000.59,16489.95,5857.15,46952.85,29824.4,35872.66,7267.47,6278.17,36599.73,2094.29,2179.55,18598.53,29846.18,77976.16,3187.69,13482.25,726.69,9941.73,6157.13,2277.88,87294.59,4890.71,1265.74,13196.86,14544.99,1459.51,26411.2,2376.78,6585.1,974.4,2865.25,17712.7,14960.76,1148.41,18120.31,7356.49,705.53,4468.68,3710.57,46014.9,57068.16,1385,31360.9,40960.05,3563.78,11940.6,7983.11,4562.73,17966.85,27020.8,5424.77,3371.51,14224.09,1142.9,34430.72,2710.73,2582.15,63381.79,1009.23,5679.11,2324.07,10862.17,42660.94,7287.35,21659.36,5094.02,25587.07,1595.94,1115.87,11038.67,26650.84,9402.46,15716.07,38591.12,1616.79,1394.62,12002.86,51720.58,9402.34,13099.27,33212.7,3320.06,11368.31,2431.99,1115
2008,45110.66,5014.29,38608.94,7749.34,15703.44,21255.36,41295.4,42896.36,640.27,39678.75,1844.64,1248.8,1892.52,14229.54,43683.36,34126.73,7509.77,63268.17,4604.34,11472.68,20034.33,5875.57,12718.23,861.86,41346.17,54403.86,16349.52,7635.55,2298.34,2688.55,593.8,3654.57,9615.65,2358.98,5386.96,11871.93,62243.13,36136.93,39986.42,3028.7,9908.38,42729.41,10039.05,12989.82,8788,7050.48,34931.64,808.97,41531.59,6448.68,36689.55,14430.67,37725.16,3782.38,1579.24,2455.5,1340.58,29615.23,31339.95,10915.16,5942.37,47564.47,3639.19,1525.43,21810.55,5809.18,3359.12,46151.5,16272.63,6792.86,51970.48,29095.16,36608.42,7042.04,7720.66,35884.46,2110.15,2410.54,20198.53,29835.7,83943.23,3319.22,14384.55,734.99,10569.44,6577.28,2375.16,89110.95,5338.91,1349.59,13358.44,14522.68,1517.09,26994.31,2586.63,6658.45,995.64,2690.09,18058.51,15046.94,1155.78,19908.71,7990.11,741.99,4474.84,3813.61,47672.84,61023.86,1500.27,30720.8,47136.27,3617.21,12967.85,8416.02,4786.09,18990.49,27255.8,5809.69,3570.48,16701.96,1148.82,42376.24,2646.16,2535.06,60868.78,1049.59,5819.94,2454.91,11684.7,43024.55,6979.51,18685.85,5200.4,26995.32,1610.81,1138.98,11374.44,30290.52,9720.3,16446.87,36713.21,1692.3,1444.8,13373.23,50549.51,9629.95,14844.4,31850.19,3565,11427.06,2476.28,810.23
2009,43607.57,3978.64,29035.22,8385.28,14598.83,19736.2,41156.52,42216.19,648.05,39205.81,1834.64,1248.44,2074.08,14464.92,36885.82,31387.04,7344.24,61518.78,4623.83,11875.58,18154.96,6289.69,11560.66,837.08,38350.73,53368.85,16646.81,8254.58,2462.2,2663.03,591.15,3191.73,9783.99,2401.35,5538.24,12574.43,56323.38,34919.21,38430.53,2518.06,9870.36,41127.97,10465.76,11041.69,8517.59,7616.14,33625.69,877.49,39067.28,6540.74,35812.7,11391.84,35423.31,3641.24,1493.75,2478.49,1291.1,21851.97,30528.4,10460.45,6134.95,46069.1,3637.15,1595.94,21841.18,6398.56,3688.58,42554.35,16132.4,8003.29,43681.96,29612.51,35626.18,7049.42,8742.53,34672.42,2234.61,2406.48,20226.04,30161.34,60128.26,3770.01,17021.3,724.09,10780.77,7528.14,2219.47,81832.99,5928.65,1293.31,11915.82,13973.26,1724.03,26791.83,2860.93,6253.58,978.86,2620.89,18109.9,14916.27,1008.81,19142.13,8050.91,721.97,4830.19,3842.9,45233.26,55649.48,1620.77,30634.55,38537.52,3860.05,13975.85,8514.58,4981.63,19958.07,27107.55,5945.48,3764.18,16752.45,1241.89,34827.33,3041.1,2705.25,59897.45,1101.78,5821.32,2514.54,12343.94,40469.43,7185.12,16984.81,5210.16,21206.99,1461.86,1168.79,11848.37,24215.21,10159.51,15925.44,36747.73,1761.24,1570.68,14487.85,49103.7,9527.03,12670.51,30177.79,3748.63,11176.27,2735.47,1391.64
2010,39064.04,5408.56,27006.13,9243.14,16042.5,18416.67,43056.25,43076.35,682.61,41439.04,1786.77,1323.58,2307.45,15348.97,40069.77,31412.83,7628.69,62289.96,5104.78,13623.48,17051.43,6481.62,12893.37,859.98,39877.29,54027.97,19069.79,9423.45,2596.71,2700.11,650.37,4709.39,10501.83,2305.79,5683.48,12915.08,53581.74,34415.77,40480.57,2245.21,10004.72,43207.34,11147.08,12450.57,8957.11,8563.64,32978.52,976.6,39866.87,6902.58,36928.99,13150.51,36647.13,3909.09,1677.18,2534.13,1330,24970.52,28067.46,10599.03,6292.97,47904.12,3763.11,1469.06,22820.12,7433.65,4201.74,43597.62,17432.44,9468.7,39728.3,30538.29,35935.82,7162.67,8736.37,35919.61,2379.24,2454.98,20374.49,32095.5,63808.58,4016.89,17202.92,718.6,11121.44,8229.07,2309.02,86042.6,6184.34,1384.74,12144.82,14862.97,1736.06,28514.1,3543.76,7306.19,942.73,3062.26,17293.74,15058.69,964.36,20192.18,8467.64,754.83,5220.41,3932.68,45548.93,57899.74,1807.27,31339.09,40304.73,4062.05,14707.23,9534.1,5433.37,21630.45,27934.47,6830.8,3975.5,17196.47,1304.02,41481.99,3524.61,2728.88,69175.31,1110.32,6036.77,2633.36,13594.87,42191.04,7254.23,19294.46,5618.24,21224.69,1869.48,1213.3,13108.82,27624.75,10463.64,17844.3,39949.45,1899.76,1646.15,16436.83,49907.13,9375.35,15081.8,29276.06,4226.35,11538.16,3075.38,1479.67
2011,37363.84,6828.92,27013.4,9598.56,17235.43,18365.2,44117.7,44873.89,693.53,42336.69,1769.18,1388.2,2570.67,15924.35,42522.96,30619.43,7732.23,61206.94,5576.75,15019.91,16184.27,6598.87,13908.67,917.03,41259.48,56751.08,20700.76,10249.06,2561.92,2771.54,675.57,5527.94,11583.98,2469.21,5975.96,13320.64,53180.67,33334.58,42547.12,2403.76,10087.5,43851.88,11247.73,13422.74,9833.58,9641.79,32448.53,1075.06,41382.93,7410.18,37861.74,15253.33,36591.39,4506.86,1687.7,2251.18,1477.51,34364.62,25408.29,10857.71,6589.41,49544.74,3928.97,1515.63,23740.51,8876.31,4513.03,44431.75,18347.41,12167.93,39990.76,31350.56,36696.62,7384.7,9120.36,35599.68,2477.53,2607.94,21456.82,32293.85,75861.91,4635.2,15753.8,719.15,11901.45,8920.83,2507.74,92324.38,6705.78,1459.22,13223.65,15777.24,1841.4,28653.43,3885.48,8670.38,927.92,3156.09,17878.64,16517.73,1052.54,21750.07,8976.76,768.59,5225.15,4062.68,46337.71,60559.16,1927.74,32041.21,44477.17,4351.09,16436.24,10373.23,5710.2,23036.24,26809.84,7433.97,4355.15,17883.56,1430.4,52252.67,4204.92,2702.13,72151.22,1157.86,6359.27,2974.29,14677.31,43648.35,7241.04,21383.78,5606.11,21538.82,1951.39,1259.92,13527.85,31431.48,10165.92,19547.57,40531.87,2032.73,1729.01,17976.73,50229.28,9401.99,16765.56,28373.03,4556.31,11961.34,3367.48,1608.96
2012,36786.21,6918.86,25310.15,9918.49,16966.94,18680.49,44577.82,46441.51,714.48,43129.14,1818.82,1447.59,2677.45,16129.08,40729.04,31180.88,7905.07,59344.78,5860.16,15048.78,15593.48,6429.64,13666.23,946.34,41941.07,58079.39,21606.32,10596.49,2678.32,2834.55,748.9,5526.76,11933.88,2573.5,6003.36,13809.56,52951.84,31840.96,42911.82,2472.43,9923.31,43646.83,11466.76,13546.97,10168.4,9632.15,32078.49,1147.5,40823.78,7454.97,37608.25,15204.66,37255.8,4704.13,1804.04,2303.26,1309,35490.82,24137.96,10690.85,6628.64,49764.71,3972.65,1503.61,23669.55,9104.47,4717.79,46133.62,15881.32,13247.58,40483.71,32381.91,36266.03,7317.26,8960.76,36430.39,2577.65,2771.33,21606.92,32445.32,78921.14,4692.55,15597.96,776.38,11810.23,9653.17,2525.86,91415.93,6814.45,1489.25,13444.05,16391.32,1972.09,29273.03,4272.54,9837.12,969.89,2934.04,18644.77,16683.57,972.17,22309.81,9737.97,831.85,5640.7,4245.29,46311.71,63298.56,2025.82,32509,47333.92,4349.98,17495.47,10742.37,5935.02,23863.07,26149.59,7405.46,4608.23,18814.75,1507.09,53258.21,3866.8,2701.57,73158.52,1336.13,6493.48,3007.81,14946.46,43884.11,7448.49,22113.86,4756.61,20368.55,1937.09,1303.1,14313.67,31556.94,10368.57,20620.12,40967.51,2053.8,1725.91,18674.91,51150.55,9158.87,16827.53,26462.08,4916.68,11964.98,3515.05,1777.2
2013,37494.81,6779.48,24751.63,9744.54,17105.42,18465.61,45677.05,46548.54,746.9,42818.5,1884.69,1455.14,2803.79,16213.63,44281.07,30117.04,7831.52,59686.35,6064.79,15316.65,14889.74,7410.38,15086.24,600.78,43170.91,58538.03,22291.56,11188.59,2841.61,2922.97,807.97,4693.68,12309.14,2733.56,6067.45,14028.99,52851.06,29695.28,43402.22,2669.28,9832.62,43948.18,11866.47,13097.25,10536.02,9745.51,31832.6,1247.65,40089.86,7834.41,38327.42,14765.56,38221.79,4910.43,1874.38,2391.08,1315.04,30734.47,24149.28,10912.04,6713.15,51218.51,3903.07,1565.13,24290.75,9460.41,4975.78,46371,15962.19,15919.04,41230.22,34018.53,35655.61,7264.52,8694.4,37265.67,2652.37,2967.66,22764.28,33017.19,73089.97,5168.18,15189.79,776.49,11590.05,10128.62,2616.43,90457.49,7107.38,1475.67,14605.35,16705.96,1966.63,30370.29,4724.25,10608.52,1078.22,3134.4,18911.04,17842.27,932.37,22719.11,10187.25,845.49,5439.33,4354.93,46745.89,63768.31,2067.39,34349.7,44979.18,4443.65,18667.69,11017.94,6330.65,24150.36,26856.96,8069.16,4417.27,19386.61,1551.06,51132.88,3776.22,2790.04,74041.13,1514.38,6566.36,3176.77,15265.44,43538.19,7719.47,26956.97,4028.54,20563.63,1928.89,1335.65,14661.58,38180.57,10545.82,21770.43,42393.59,2080.65,1758.94,19638.95,51959.73,9210.87,15421.76,27310.86,5094.7,12030.99,3584.72,1865.68
2014,37491.52,6383.43,26002.41,10211.93,16393.56,16295.33,46029.8,46669.41,761.67,42885.12,1976.48,1504.91,2924.71,16796.13,44014.96,29956.63,7913.97,59706.66,6014.07,15146.13,14405.49,7127.26,15907.8,609.06,44362.81,59583.91,22993.74,11745.11,3038.02,3007.59,832.09,4929.35,12551.27,2803.26,6020.55,14436.79,53519.27,29148.87,44504.33,2863.13,10209.71,43995.9,12570.9,12744.06,10811.7,9800.33,32409.16,1357.12,39335.18,8213.73,38161.01,13492.24,38997.24,5091.88,1873.48,2310.64,1357.55,28215.93,24377.78,11633.58,6901.07,52148.92,4042.34,1579.16,24779.59,9709.55,5214.8,49497.03,15786.36,15719.15,42065.53,35534.32,35364.5,7233.93,8512.1,37624.56,2679.9,3009.17,23824.61,33533.62,63889.84,5484.75,14636.72,830.84,11995.67,10722.26,2802.75,94958.26,7313.87,1499.19,15252.38,17652.02,1968.36,32225.35,5063.17,11491.4,1169.31,2914.12,19329.64,18612.66,1014.17,23715.42,10815.82,869.3,5437.6,4611.08,45510.43,61909.58,2182.76,35705.9,40855.04,4575.49,19326.19,11086.07,6579.17,24486.63,27202.55,8141.14,4280.3,19799.62,1644.91,48634.65,3972.7,2851.85,74389.12,1355.57,6654.06,3188.93,15110.66,43452.32,7694.36,25861.79,4184.36,21664.41,1575.09,1393.37,14736.2,41995.83,10520.6,23275.99,44465.93,2240.71,1788.48,20208.78,53024.55,9587.74,12858.34,27174.64,5351.63,12034.06,3646.84,1895.81
2015,37996.18,5297.59,26765.34,10775.75,16673.55,17053.48,45658.83,48630.78,734.56,44425.23,1984.55,1528.43,3069.37,17796.54,39770.74,29235.48,8159.59,61575.61,5776.38,14450.07,14639.83,7447.23,15578.43,673.86,43222.99,61787.31,22979.8,12034.49,3299.69,3048.42,844.14,3742.83,12509.3,2814.99,6135.58,15158.85,54311.26,30849.18,45995.23,2909.9,9961.24,45765.62,13567.59,11697.4,10318.38,10002.03,34268.42,1450.53,40421.86,8491.14,39247.26,12813.43,40705.4,4875.04,1881.11,2390.46,1515.24,19333.19,24684.13,12230.83,7239.29,53753.24,4285.96,1628.97,26094.97,9995.35,5566.69,67984.75,14835.41,15205.35,45361.71,36770.5,36655.34,7466.74,8814.81,38797.45,2818.18,3153.12,24080.47,35273.04,44860.88,5714.36,14991.3,867.16,11804.11,11479.07,3001.93,97541.05,7690.08,1499.67,15441.41,17702.93,2193.62,36037.39,5135.81,11445.87,1239.73,3045.03,19813.1,20104.28,1090.1,24269.41,11279.93,873.48,4970.53,4874.79,47898.94,58096.37,2257.41,36598.66,32460.47,4689.77,20581.41,11173.72,6895.74,26227.35,28566.65,8055.44,4379.61,21156.5,1788.24,41110.8,4205.45,3003.45,76293.62,1265.52,6794.19,3058.83,14579.03,45909.93,7832.35,28007.3,4214.25,22127.29,1674.76,1458.96,15476.2,46401.92,10697.72,25301.49,46490.7,2305.07,1834.38,20060.99,54595.74,9888.77,7374.15,26682.23,5593.52,12142.93,3643.6,1907.27
2016,37168.97,5112.63,25326.39,10843.56,16335.16,19010.84,47198.75,50159.15,742.77,45499.32,1895.07,1582.57,3244.94,19069.65,38499.36,28911.93,8229.69,63514.22,5863.28,14002.17,14637.68,7943.1,16934.48,722.64,43182.15,61670.93,23544.51,12501.66,3528.48,3104,789.17,3649.1,12627.93,2809.29,6289.41,15772.02,55490.73,32777.09,47496.23,3906.98,10155.38,47009.28,14311.58,11719.53,9988.3,10199.79,35607.63,1525.76,41523.66,8442.03,39824.5,12638.73,41230.15,4920.61,1848.05,2328.82,1627.03,15586.11,24715.86,12605.86,7407.81,54592.89,4393.63,1613.45,26279.29,10326.45,5935.53,72697.68,15467.87,17104.34,48634.91,38112.76,38469.81,7664.04,8722.24,39546.67,2954.55,3347.59,24310.51,36527.74,40690.15,6347.4,15243.25,842.25,12112.6,11938.07,2982.97,98780.67,7794.08,1519.21,15630.06,17990.92,2314.92,38401.04,5204.05,11904.03,1258.08,2935.98,19886.58,21307.09,1029.79,24686.1,11294.42,888.72,4436.5,5150.79,47983.14,55929.92,2282.05,37824.55,29938.84,4902.63,21342.59,11520.24,7297.18,26879.06,26883.3,8217.42,4460.03,22954.78,1871.53,38670.45,4323.55,3078.7,77200.37,1373.09,6960.64,3497.13,13697.66,46210.99,7661.51,27809.93,4213.25,22764.83,1494.74,1512.55,15935.33,42369.62,10809.54,25482.33,47080.62,2386.15,1777.72,20315.02,55265.14,10039.45,7442.67,26227.9,5992.73,12059.59,3680.28,1917.87
2017,37395.99,5004.59,23012.41,11628.87,16771.37,20264.2,48141.94,51524.41,743.92,46522.36,1963.8,1645.95,3455.1,20026.93,38029.8,28449.96,8561.6,65571.76,6191.77,14108.92,13937.6,8189.38,16235.75,726.71,44492.65,62926.57,24024.4,13051.32,3605.62,3156.45,798.68,4581.74,12964.43,2832.2,6655.66,16272.16,56038.07,34470.27,49141.04,3545.14,9114.69,49606.82,14683.9,12116.37,10193.98,10209.41,37232.8,1526.29,42901.9,8633.68,40975.05,11867.92,42137.82,5153.55,2142.87,2352.59,1755.44,16359.02,25376.06,13160.72,7473.34,56154.34,4523.24,1561.73,27530.59,10841.7,6281.54,73296.97,15985.95,16683.3,51315.9,38724.09,39470.89,7713.82,8736.36,40063.53,2987.5,3485.27,24562.74,37725.07,38451.13,6563.87,15169.31,849.27,12812.86,12512.75,2999.39,99476.79,8002.15,1595.09,16441.7,18360.42,2410.87,41846.75,5655.31,12011.06,1207.64,2998.25,19251.55,22656.92,1003.78,26000.6,11142.07,892.62,4374.54,5360.22,50024.05,58073.04,2450.14,38985.47,28249.21,5106.63,22421.91,11905.33,7628.83,28420.41,26953.45,8291.81,4399.4,25262.14,1948.49,39890.65,4321.23,3140.13,79842.57,1404.31,6994.61,3483.57,13472.05,47891.92,7668.12,28553.1,4363.88,23362.83,1368.01,1547.22,16675.22,43008.81,10873.24,26649.9,47843.24,2453.49,1784.99,20607.47,56153.42,10099.56,7925.13,25930.51,6434.56,12201.4,3965.37,1977.84
